,ROUGE-1,ROUGE-2,ROUGE-L
beam_block,0.37937665607086535,0.17300055057865169,0.30194417044066013
beam,0.37937665607086535,0.17300055057865169,0.30194417044066013
greedy,0.36338453745988997,0.171098875010758,0.26548259624262277
top_p,0.3434392973433694,0.1148338825323701,0.26023056398232475
top_k,0.3024765498705996,0.0941618212221037,0.21099786852745367
