,ROUGE-1,ROUGE-2,ROUGE-L
beam_block,0.3584021810488984,0.15563111142504474,0.27947485130729677
beam,0.3494370684006148,0.15084290301369416,0.27463061475701633
greedy,0.3347418459650167,0.135707011502652,0.2623461412059023
top_k,0.3196513706542973,0.1168213774144594,0.23514666691135003
top_p,0.3064796469315593,0.1134788664552003,0.22885632359701563
